"","bmd","AF_interTD","Intra_GSD.TD","AF_intraTD","iTTC01","bmd_urine","Cltot.GM","GSD_Cltot.TK","kufrac.GM","GSD_kufrac.TK","IntraTKTD_GSD","AF_intraTKTD","iTTC01_urine"
"50%",34.8890064795632,0.999739210292545,1.66109616318787,3.25622884739625,10.3045405611295,273.977522375834,1.57562208840671,1.5966776492121,0.212053875816199,1.48659311689581,2.39192049253931,7.60495541826225,29.954411281707
"5%",5.80019928311169,0.470671810278626,0.576661811520625,0.277855838338561,0.497729119577207,45.8657858575499,1.14828256011875,1.3775954474674,0.169561143996747,1.35035495943395,1.77584059973231,3.80364891011054,2.52528857966789
"95%",183.037383292146,2.18323089669514,4.67519335559189,36.1565367397488,241.681104016751,1475.04892621152,2.04393948360378,1.90151264867268,0.253654160109714,1.71757356442221,5.32683316877847,48.9801207513033,263.889020977772
