"","CTeA.blood..ng.mL.","Est..dose..ug.Kg.d.","Fraction.TTC","HQ","prob"
"Median",0.37595,14.256024,9.504016,3.82969391385432,2.395
"25th",0.28105,10.657416,7.104944,2.86297506181343,1.4475
"75th",0.680725,25.813092,17.208728,6.93434868867798,6.51
"Min",0.1898,7.197216,4.798144,1.9334377040818,0.57
"Max",12.0669,457.576848,305.051232,122.922020186431,78.2
