Plasma sample,TeA (ng/mL),Blood/Plasma ratio,CTeA blood (ng/mL),Est. dose (ng/Kg-d),Est. dose (ug/Kg-d),Fraction TTC
101,0.41,0.73,0.2993,11349.456,11.349456,7.566304
322,4.61,0.73,3.3653,127612.176,127.612176,85.074784
341,0.58,0.73,0.4234,16055.328,16.055328,10.703552
349,1.2,0.73,0.876,33217.92,33.21792,22.14528
622,2.61,0.73,1.9053,72248.976,72.248976,48.165984
