"","CTeA.blood..ng.mL.","Est..dose..ug.Kg.d.","Fraction.TTC","HQ","prob"
"Median",0.876,33.21792,22.14528,8.92355863422367,9.35
"25th",0.4234,16.055328,10.703552,4.31305333987477,2.91
"75th",1.9053,72.248976,48.165984,19.4087400294365,24.42
"Min",0.2993,11.349456,7.566304,3.04888253335975,1.61
"Max",3.3653,127.612176,85.074784,34.2813377531426,39.81
