"","CTeA.blood..ng.mL.","Est..dose..ug.Kg.d.","Fraction.TTC","HQ","ProbMOE.le.1"
"Median",0.3358,12.733536,8.489024,3.42069747645241,0
"5th",0.073,2.76816,1.84544,0.743629886185306,0
"95th",0.5694,21.591648,14.394432,5.80031311224539,12.481
"25th",0.27375,10.3806,6.9204,2.7886120731949,0
"75th",0.53655,20.345976,13.563984,5.465679663462,0.66
"Min",0.0438,1.660896,1.107264,0.446177931711184,0
"Max",0.9855,37.37016,24.91344,10.0390034635016,85.06
