"","X24h.excretion.µg.Kg.bw.d","X24h.est.dose.ug.Kg.bw.d","Fraction.TTC","HQ","prob"
"Median",0.0797857555,0.3761182015,0.2507454675,0.160192202418616,0
"25th",0.05121557925,0.24143546975,0.16095698025,0.102829588900773,0
"75th",0.14959620775,0.70521180125,0.47014120125,0.300356195698933,0
"Min",0.003658829,0.017248095,0.01149873,0.00734612177462053,0
"Max",0.677723271,3.194856718,2.129904479,1.36071887433388,0.19
