"","X24h.excretion.µg.Kg.bw.d","X24h.est.dose.µg.Kg.bw.d","Fraction.TTC","HQ","prob"
"Median",0.1099946695,0.518526106,0.3456840705,0.220845039958451,0
"25th",0.08857942475,0.41757245325,0.2783816355,0.17784795106285,0
"75th",0.188925906,0.890616017,0.5937440115,0.379321556666494,0
"Min",0.06119403,0.288474907,0.192316604,0.122864117524974,0
"Max",0.247619048,1.16730148,0.778200987,0.497164442591771,0
